time,Turbine1,Turbine2,Turbine3,Turbine4
1,3241.250445,4079.490559,3505.854227,3392.565663
2,2395.881828,3410.130913,2783.411447,2694.114311
3,3628.878452,4543.677282,3818.729737,3701.380754
4,2823.608204,3806.751908,3221.480613,3029.188791
5,3743.196614,4632.571843,3859.732421,3817.242149
6,1807.899427,2536.174173,1698.306145,1619.159414
7,2240.006055,3271.723656,2477.616826,2210.066151
8,2977.190171,3968.127912,2907.229541,2845.606902
9,2870.30292,3466.849967,3061.416972,2855.16842
10,3030.238809,3865.571015,3501.696196,3125.736494
11,2956.63188,3911.197683,3364.893348,3360.133919
12,3253.818511,4029.946058,3187.361284,3107.244858
13,2732.420902,3323.663027,2891.776328,2610.699371
14,3508.598509,4062.515528,3858.982872,3660.66478
15,2949.02095,3566.154587,3093.26661,2775.532977
16,2282.545562,3160.514494,2588.93194,2422.850066
17,3138.041555,4167.088411,3407.140612,3158.187371
18,2359.343497,3465.405767,2662.742211,2484.387658
19,2990.92255,3694.086472,3052.500006,2886.09731
20,2479.355405,3592.184635,3103.023132,2812.356011
21,1811.140997,2796.817052,2017.894016,1803.304383
22,2415.34627,3202.584434,2455.611694,2368.076801
23,3611.166566,4479.397884,3394.351637,3281.229349
24,3498.716855,4161.737125,3744.581101,3423.891171
25,3006.394763,3655.235509,3232.866576,3062.667381
26,2489.943913,3372.597194,2495.039146,2469.672429
27,2931.926813,3619.102957,3155.793979,2999.127346
28,1761.183565,2651.192978,1766.329467,1554.785448
29,3088.853321,4203.885924,3082.965948,2832.618011
30,3663.638289,4613.67161,4123.856726,3812.636723
31,3183.026897,3804.757674,3596.154759,3265.815816
32,2894.001791,3945.702916,3089.766672,3091.286604
33,2600.672875,3434.439792,3051.023854,2827.810038
34,2916.60948,3496.13892,2856.161689,2720.092191
35,2801.682738,3458.461787,2647.300742,2562.824561
36,4144.223193,4867.353191,4035.968817,3881.966926
37,3043.134341,3869.584102,3405.577955,3299.960526
38,2297.521915,3677.78608,2928.809235,2714.262679
39,2562.657318,3572.353448,3041.342707,2780.271516
40,3143.031036,3968.423397,3287.812448,3002.969107
41,3097.280483,3855.48303,2865.098815,2875.673704
42,3119.441628,4072.198181,3432.690017,3013.172389
43,3463.749426,4115.400762,3932.562154,3815.293051
44,2141.723049,3106.309267,2355.933396,1953.159503
45,2580.103358,3306.090219,2884.114502,2715.044061
46,2820.78072,3715.91892,3103.810981,2873.355827
47,2949.152998,3797.267104,3117.68116,2866.795227
48,2515.903832,3283.181129,2747.326668,2418.534204
49,2563.993088,3171.51675,2660.350375,2361.898916
50,2980.743083,3750.154698,3219.761482,2967.446513
51,2605.929872,3462.594806,2611.848757,2609.478531
52,3282.084564,4354.746359,3731.746439,3574.66715
53,3593.418413,4367.883097,3659.086655,3471.513493
54,2574.250288,3665.048367,3085.800685,2834.093602
55,2700.48239,3355.724326,2743.602273,2788.452032
56,2495.983004,3042.623987,2693.425547,2355.216937
57,3087.154262,3798.367787,2959.067705,2792.543555
58,3257.235437,4186.480458,3294.061924,3002.727372
59,2666.66378,3802.689975,2987.083208,2843.517951
60,2203.058774,3015.521717,2195.000177,2094.927716
61,3230.570346,4164.591783,3304.829144,3214.776203
62,2820.32289,3785.177433,3292.296326,2991.046498
63,3075.964683,3913.673352,3199.703892,3175.861623
64,1876.101049,2963.108709,2303.80091,2145.719103
65,2819.982703,3626.364128,2716.754994,2691.469991
66,3153.11752,4049.699205,3643.150607,3217.237105
67,2889.110157,3804.967947,3292.595675,2954.537793
68,3417.895988,4430.920833,3855.001795,3642.329271
69,2963.44481,3873.031782,2880.218863,2852.344801
70,2840.374674,3972.754965,3067.781763,2924.884736
71,2406.017863,3693.159709,3218.564387,2904.98606
72,3668.716639,4354.576797,4040.342296,3856.021826
73,1941.473704,2731.671782,2356.817329,2368.101596
74,3531.783875,4459.90227,3997.015843,3812.127381
75,2727.646052,3667.307455,3381.237318,3085.154511
76,3166.42783,3874.940165,3333.26149,3133.870435
77,2734.05533,3630.296834,2651.858727,2630.544215
78,2046.572166,2904.62857,2105.190143,2037.140866
79,1848.837226,2951.289433,2144.26901,1825.010522
80,2462.626063,3338.471964,2682.187299,2462.259875
81,3439.630094,4379.075827,3769.544162,3555.57701
82,2957.134794,3902.669028,2915.411119,2890.302118
83,2682.994215,3865.294972,2873.01728,2676.142683
84,3489.696596,4461.10312,3337.162971,3193.344608
85,2772.341526,3642.247582,2846.058842,2616.414045
86,2532.421508,3266.924954,2613.919147,2416.189189
87,4248.950973,4736.813582,4340.871483,4105.108039
88,3389.752348,4012.224207,3580.548295,3080.925679
89,2971.175256,3726.952976,3109.347691,3081.135494
90,3395.847841,4343.668409,3801.041313,3560.056288
91,1834.99178,2842.035845,2689.556053,2384.05731
92,3006.970133,4063.131221,2959.376796,2969.303734
93,4053.455989,5045.148001,4155.886346,4038.251632
94,4001.800074,4966.503115,4273.724052,4077.867316
95,4609.071767,5304.470696,4584.122686,4380.345458
96,2908.537657,3733.726482,3137.183943,2997.661902
97,3668.259123,4645.318732,3713.630774,3462.859815
98,4025.927284,4823.891327,3907.223102,3751.866046
99,3233.711377,4230.072326,3096.535137,3051.206063
100,2733.857432,3885.048851,3126.563746,2903.811521
101,3131.651663,4145.767059,3270.50962,2975.71729
102,3188.810254,4121.126113,3216.256359,3003.11593
103,2323.630039,3166.108281,2581.258422,2460.442048
104,2803.392896,3692.459592,3012.672685,2817.882966
105,2386.549157,3483.836064,2729.290419,2683.422216
106,2337.984267,2969.693478,2470.417077,2276.048112
107,3344.780059,4335.748813,3918.985388,3775.032702
108,2903.915045,3819.259423,3481.470593,3180.756924
109,2120.223197,3053.482712,2363.746255,2249.884769
110,3977.125774,4432.064543,4055.481549,3720.360848
111,2989.786193,3950.585215,3261.874255,2951.557522
112,3832.341918,4672.914308,3916.766226,3773.194742
113,2800.665872,3542.233621,3126.668864,2769.743155
114,2270.410757,2903.722769,2320.595634,2330.933942
115,2914.517252,3707.645747,3057.410575,2811.926495
116,3211.148328,4201.036985,3496.599832,3086.334464
117,3366.49989,4198.218309,3753.893459,3421.767031
118,1552.667455,2304.310429,1461.693754,1281.017349
119,2987.174937,3777.571875,3308.232813,3143.900275
120,3077.886409,3827.380126,3268.353075,3135.930895
121,2580.658184,3513.949989,2767.107229,2645.641111
122,2717.202183,3761.79586,2877.279531,2751.487967
123,2061.866978,2870.534306,2145.563129,1928.419346
124,3546.900479,4539.954304,3744.613924,3494.368972
125,2527.972145,3379.293113,2903.539722,2558.923911
126,3460.404791,4438.669586,3629.745221,3511.402186
127,1969.131457,2863.607179,2034.727668,1693.302228
128,2233.688843,2828.597191,2290.314277,2245.905673
129,3631.93457,4516.989584,3752.791753,3613.040169
130,2552.014966,3386.513715,2897.129114,2584.102296
131,3025.821289,3801.847164,3499.690911,3360.563919
132,2458.385616,3632.979375,2855.324022,2553.405111
133,2863.745247,3545.331455,3241.942377,2749.991892
134,4596.591733,5608.533541,4953.037409,4442.87853
135,2063.67396,3012.03409,2461.869625,2285.034853
136,2459.927748,3095.458125,2859.940222,2599.801317
137,3420.980164,3884.153646,3520.531445,3212.734791
138,2404.387994,3360.559531,2401.737191,2308.493091
139,2936.103822,3880.373966,3556.866336,3053.651821
140,2545.564837,3255.932044,2881.316357,2771.411222
141,2784.705174,3360.901096,2857.883603,2700.861625
142,3121.455571,3686.677922,3349.377874,3108.642014
143,2916.102647,3484.538688,2952.436284,2807.935463
144,2329.958445,3373.50158,3015.401557,2788.339865
145,2268.903533,3174.40247,2551.104285,2229.304461
146,2567.034795,3366.684883,3150.535021,2767.285875
147,3644.277458,4141.724028,3737.924483,3479.797142
148,2379.378797,3183.829421,2289.939175,2032.472851
149,3048.342029,3809.574796,3021.543952,2749.289621
150,3036.586955,4162.951696,3593.470643,3398.460833
151,3327.96612,3971.11052,3851.586,3471.2186
152,2260.813901,2907.649324,2542.469046,2217.486232
153,2440.452366,3196.79528,2487.864188,2196.683847
154,3073.114291,3784.691664,3005.257085,2840.978064
155,2191.304248,3112.54031,2513.649558,2350.361319
156,4164.945969,4813.951622,3715.077707,3505.512421
157,2770.866034,3475.712904,2566.860141,2487.832599
158,2388.362897,3156.472939,2791.504738,2684.74942
159,3920.381014,4688.383288,4235.940082,4014.220184
160,3176.779814,4014.690094,3336.860177,3182.938905
161,2978.504103,3700.078164,2913.290163,2739.782147
162,2758.623155,3925.442322,3152.352063,2764.360726
163,2148.551615,3049.723474,2283.653795,1983.150573
164,1652.277642,2405.605641,1714.688668,1812.202326
165,3618.89184,4184.106314,3796.370221,3412.534528
166,2549.918124,3326.44527,2902.288584,2824.17783
167,2796.214614,3503.871484,2602.37449,2534.223543
168,2032.072057,3163.018643,2384.391011,2104.035218
169,2003.716378,2772.077467,1782.39305,1829.071972
170,3453.9396,4308.134657,3642.282162,3437.837416
171,2713.828701,3798.025498,3005.364861,2807.777552
172,3558.285665,4496.241949,3934.894664,3777.997681
173,2778.920944,3665.485543,3035.459118,2919.532234
174,2657.997631,3481.497416,3188.730573,2993.9897
175,3152.446538,3851.753699,2944.187341,2809.751365
176,2428.941332,3343.135101,2826.246767,2442.903796
177,1732.772317,2399.537271,1582.200874,1481.081698
178,2915.165953,3680.954555,3160.515589,2900.119524
179,2235.933014,3047.063263,2105.104753,2111.834499
180,3009.271839,4150.438339,3501.433728,3254.894086
181,2346.689278,3347.596918,2865.870291,2521.073075
182,2099.371601,3070.31963,2639.573152,2345.72496
183,2994.896977,3794.951478,3033.972097,2979.904402
184,2842.566521,3654.244054,3019.184793,2754.511073
185,3149.468186,4232.276635,3099.878294,3122.904671
186,3300.66357,4144.345514,3689.193637,3388.635386
187,2737.76008,3600.440302,2921.724858,2682.503124
188,3277.060577,4188.268719,3681.557527,3428.315374
189,2603.890451,3639.321671,3020.654601,2562.916198
190,3502.152615,4278.810557,3774.462856,3324.724305
191,3181.165463,4171.262126,3540.817091,3216.092212
192,2270.031688,3240.900985,2223.552537,2132.575453
193,2841.303058,3613.114074,3142.220014,2835.466215
194,2269.297658,3140.655323,2560.206773,2327.40949
195,2340.044554,3235.448449,2523.294039,2357.919571
196,2183.325311,2860.010906,2226.583312,1983.977887
197,2550.550017,3265.361249,2765.275711,2664.826268
198,3056.07905,4020.597047,3134.982758,2854.131358
199,1283.249246,2235.281086,1480.770898,1253.75679
200,2375.777257,2990.818256,2473.803725,2194.551267
201,2816.659194,3594.701668,2963.116493,2669.265222
202,2691.934966,3496.921022,3073.718226,2790.666216
203,2625.14437,3373.253337,2831.440335,2705.789703
204,2270.49675,2993.447032,2607.432748,2240.700566
205,3237.111368,4055.021236,3255.949899,2997.527322
206,2949.306213,3755.063502,3404.891276,3012.589081
207,2156.727845,3230.2652,2736.028274,2527.246241
208,2517.210896,3523.571408,2929.253126,2715.715218
209,2314.259592,3083.130886,2372.122022,2232.182973
210,2209.566327,3169.098055,2421.116478,2305.166903
211,2389.372415,3085.039884,2312.07796,2356.283555
212,2721.032218,3626.340914,3089.01429,2784.871229
213,2113.876411,3104.55331,2469.156179,2265.652421
214,2305.345699,3099.465823,2334.342021,2123.849511
215,2282.411649,3309.345469,2708.744475,2398.779169
216,3134.156249,3938.47881,3448.70507,3298.900766
217,3743.178372,4345.948886,4032.590655,3851.60313
218,2092.988251,2724.742219,2357.93187,2206.444841
219,2267.201516,2999.071587,2672.175979,2517.990091
220,3249.846943,4142.768181,3358.029688,3352.864047
221,3455.293091,4347.795119,3153.859823,3002.793582
222,3630.950811,4332.994106,3512.960913,3225.863655
223,2546.719638,3303.604545,2931.215303,2642.175621
224,3605.707785,4668.211698,3833.791538,3577.623832
225,2337.807102,3220.657488,2617.988993,2251.845725
226,1573.095979,2625.00113,1805.315321,1808.261854
227,3372.017559,4212.797187,3608.77687,3380.988081
228,2104.202068,3185.867731,2958.30577,2764.469124
229,3568.838325,4512.370843,3936.217744,3748.685799
230,3397.675812,4264.02889,4087.783166,3801.628205
231,3229.057023,3899.289764,3234.077331,2939.342172
232,2035.217242,2945.483128,2358.052282,2337.012886
233,2583.694565,3302.907762,3247.743976,2944.14169
234,2272.288637,2964.716754,2183.288151,2012.452757
235,3616.176251,4345.694899,3894.7702,3418.741398
236,1496.049246,2324.447037,1789.062135,1651.553688
237,2986.070027,3907.804202,3308.574195,3176.15863
238,2196.756078,3008.472575,2366.181579,2069.297764
239,2606.110445,3485.07147,3137.978976,2693.747635
240,2994.000205,4165.698294,3255.535992,3107.916137
241,1962.696814,2771.733013,1860.909021,1838.330698
242,3014.166817,4046.843313,3348.143324,2966.036973
243,2537.936268,3405.756839,2859.903247,2498.03659
244,2823.328674,3681.630208,2843.669013,2816.561532
245,2342.35668,2828.953997,2442.271739,2150.25709
246,2560.520325,3621.688705,3099.00515,2919.6016
247,2724.019144,3740.276434,2908.62146,2635.548039
248,2458.365398,3366.909058,2509.644376,2209.628911
249,3037.813893,3876.094614,3391.659628,3185.839911
250,3128.803744,4117.530401,3329.913833,3176.220013
251,3073.752811,3990.946372,3394.802517,3304.025553
252,2773.889687,3659.019287,3348.775419,3085.894522
253,3863.541859,4829.053954,4248.842214,3851.982614
254,3181.712001,4387.710436,3338.082089,3221.682044
255,2610.77923,3664.54387,2571.280728,2397.611126
256,3796.603425,4719.022281,4166.362834,3614.568779
257,3610.847512,4438.11248,4044.266559,3752.320573
258,2980.569621,4040.788814,3000.296053,2930.777128
259,2758.680001,3772.576534,2875.355702,2676.336886
260,4144.356949,4884.142962,3844.237221,3355.487205
261,2866.659015,3694.497637,3062.447424,2901.880759
262,3374.053272,4424.091138,3356.127251,3214.7516
263,3272.040128,4011.189175,3536.789894,3154.924856
264,2788.246994,3598.001471,3022.899252,2775.904621
265,3616.085701,4460.973295,3891.915603,3534.58141
266,2841.146013,3830.51914,2616.066506,2625.946776
267,3540.282949,4137.43934,3484.917061,3296.305872
268,2295.701784,2947.085207,2450.643356,2185.740049
269,3742.813311,4519.501638,3795.842615,3577.700478
270,2293.58262,3159.298131,2789.518996,2730.421067
271,1730.247819,2540.110218,2295.198783,2027.94584
272,3480.173901,4230.287119,3590.35595,3357.182035
273,3218.4476,3876.347328,3313.338712,3007.519576
274,1741.520336,2222.402095,1920.522785,1697.23135
275,2821.817604,3651.33813,3222.355427,2909.551038
276,2501.321851,3337.436789,2575.361795,2145.965731
277,2237.565046,3101.817463,2540.216699,2321.548327
278,2001.617392,2763.507886,2032.988928,1676.717474
279,2697.790771,3730.194647,3076.690872,3021.878388
280,1949.584181,2857.646329,1948.3761,1893.566063
281,1098.237861,2091.221858,1546.644023,1478.590825
282,2839.3546,3653.700149,3058.005339,2783.117386
283,2040.948422,3040.329473,2608.624122,2365.47041
284,2195.878984,2974.401295,2572.878991,2477.164945
285,3841.961161,4730.055482,3981.621915,3857.273436
286,3403.047888,4424.072526,3701.367553,3361.378918
287,2148.81186,3501.39982,2480.541435,2313.749035
288,2783.462045,3220.138514,2784.276418,2486.176605
289,2639.714839,3472.418546,2992.528824,2796.322389
290,2685.028727,3770.470312,2999.707778,2675.859669
291,2089.106264,3206.952883,2217.512301,2069.411405
292,2547.428572,3556.394307,2740.208132,2563.582523
293,2723.285743,3537.270759,2580.250614,2350.295288
294,2295.866201,3374.899313,2736.255485,2467.640902
295,2198.438533,3239.78912,2437.815682,2278.898434
296,3068.540317,4172.448928,3591.117192,3179.374645
297,2623.262262,3230.507611,2692.645214,2529.23273
298,2233.081611,3180.349021,2291.059211,1958.969976
299,2927.601506,3925.783911,3259.342562,2997.222306
300,1740.349655,2872.282739,1931.594226,1995.952934
301,3376.693914,4113.51944,3003.09453,3005.042618
302,3616.994611,4544.214457,3847.827503,3625.059369
303,3119.350044,3788.99414,3326.077053,3153.278975
304,2106.979854,2937.933035,2266.820422,2136.144074
305,2570.387423,3166.291789,2721.635387,2504.002891
306,3168.13733,4146.0702,3457.178027,3159.162178
307,2381.136478,3108.67934,2574.947721,2357.716523
308,2004.598281,3158.052318,2439.976415,2281.991713
309,2259.168158,2881.881853,2593.151783,2260.1973
310,2607.422981,3618.202771,2574.36918,2546.431077
311,2267.71335,3206.593938,2632.113935,2348.429137
312,3152.955535,4020.767966,3013.776086,2804.604362
313,2445.804634,3661.814009,2981.135842,2854.963337
314,2239.647556,2953.028088,2450.309171,2223.464973
315,2578.110975,3407.956797,2684.161033,2275.30616
316,3285.11935,4148.185116,3796.240946,3498.35669
317,2243.52719,3118.405267,2204.10622,2139.917042
318,1956.360546,2635.87527,2017.253209,1767.573271
319,2207.481027,3326.513713,2616.779532,2530.028234
320,3413.800531,4229.396987,3665.638802,3241.50708
321,3563.685234,4444.23816,3650.284693,3349.481123
322,2790.348345,3813.697952,3050.930171,2840.698917
323,1789.187847,2660.067762,2089.886333,1755.774636
324,2765.562848,3835.356919,3351.377065,2934.369151
325,2485.167917,3409.453398,2792.265611,2457.948459
326,3026.323627,3705.874296,3003.149736,2785.891173
327,1705.569888,2570.684579,2046.869483,1769.137795
328,3238.669008,4210.13248,3522.288334,3362.431759
329,2641.757854,3479.794235,2375.551052,2300.311411
330,3253.227485,4139.244796,3263.118411,2875.926502
331,1788.837288,2765.193884,1899.239387,1797.114024
332,3235.784514,4166.90736,3411.832803,3175.566295
333,2791.555012,3431.166847,2766.495126,2470.615966
334,1788.571001,2754.07598,2090.293467,1969.880469
335,3024.949227,3656.1155,3370.323424,2850.134761
336,3428.041393,4242.426436,3818.849413,3640.539454
337,2597.178342,3423.767241,2993.797864,2792.445023
338,2826.371289,3545.888748,3015.494153,2726.209
339,1138.279877,2194.299598,1517.324611,1213.411982
340,2366.745916,3292.552542,2579.902142,2542.145866
341,3081.524628,4247.373137,3200.815897,3096.875661
342,2959.712987,3775.30547,3223.064024,2943.504316
343,3144.042101,4044.968186,3098.487659,2865.831617
344,2220.631208,2893.442305,1769.984768,1843.524047
345,2664.706967,3571.015604,2943.624547,2869.161859
346,3282.102384,4013.665696,3267.758927,2902.355868
347,2569.887567,3509.685568,2292.419663,2074.955657
348,3748.430146,4621.712396,3813.157063,3413.192393
349,3840.233489,4774.161514,3935.666937,3742.758391
350,3189.266923,3870.678688,3285.188249,3032.340973
351,3671.886062,4326.21586,3586.662673,3326.668954
352,2675.921582,3521.956304,2842.337479,2627.003279
353,3511.627985,4421.655283,3951.54778,3670.034646
354,1167.903256,2141.655283,1398.561538,1043.131002
355,3114.894931,3933.069178,3402.917508,3275.119665
356,1778.253477,2793.619395,2094.240249,1782.102125
357,3087.988842,3941.711117,3261.175887,3018.540599
358,2232.35277,3222.026512,2778.288984,2434.207726
359,2954.878834,3811.650818,3517.442807,3313.314988
360,2444.517082,3261.300902,2383.413194,2163.783646
361,2292.21713,3080.481627,2548.305528,2350.368261
362,3726.158761,4504.796345,3868.792374,3570.409189
363,2176.850789,2753.827935,2235.673305,1955.108964
364,3295.852465,4005.045025,3234.370444,3221.123268
365,2363.439054,3174.001925,2419.437797,2044.321978
366,2361.680309,3410.426746,2577.622129,2499.383194
367,3129.156976,3852.703523,3102.700496,2875.531125
368,3011.087213,3740.754807,3180.746322,2972.452019
369,2459.034257,3141.959979,2582.599552,2254.103432
370,2905.04192,3854.758784,3311.660985,3089.374731
371,2186.133285,3223.75204,2369.332068,2293.857445
372,2960.064305,4045.637644,3207.513727,2896.922993
373,2284.475379,3042.775877,2494.177157,2163.729994
374,1611.719765,2475.310526,1803.322401,1634.527395
375,2864.421938,3670.582453,3160.064957,3084.796151
376,3019.540765,3942.077301,3709.292415,3500.53599
377,2392.041961,2896.078288,2279.54806,2148.826814
378,3010.670629,3848.581944,3342.99257,3180.803145
379,2156.465279,3100.47494,2711.188363,2366.458927
380,2440.251079,3208.611507,2732.205346,2580.520045
381,2446.952993,3105.728636,2137.773841,2023.320911
382,2335.266892,3493.840223,2549.765639,2431.177192
383,2696.737737,3602.815902,2942.286753,2675.71274
384,3282.850855,4247.431245,3511.627642,3407.64221
385,3727.5175,4414.521862,3927.837279,3704.133896
386,3390.3953,4269.296392,3198.949351,3008.665165
387,2439.102756,3314.641077,2561.731991,2386.997261
388,3341.61699,4108.985805,3335.904521,2990.223224
389,4121.725267,4897.443723,4144.72657,3919.955728
390,3453.054809,4092.203649,3360.227543,3304.829151
391,2253.466463,3116.388367,2540.406028,2275.2769
392,2255.447245,3055.895028,2058.779377,1993.86824
393,3408.265817,4349.403613,3824.161746,3581.705821
394,2749.747895,3513.354801,2494.508568,2404.526003
395,2088.589641,2854.577708,2356.773371,2129.353927
396,2309.707564,3112.516502,2603.543909,2227.743662
397,2968.495632,3812.012719,2938.489609,2795.14624
398,2408.103933,3034.670797,2341.593412,2155.221711
399,3387.134757,4050.610644,3621.421822,3512.8585
400,2465.377331,3313.939622,2707.848488,2572.897872
401,3086.627944,3972.374478,3288.956946,3080.282791
402,3658.521515,4390.102142,3365.279371,3304.05917
403,3365.186977,4029.431835,3481.811385,3252.737835
404,3475.224033,4388.229336,3558.840916,3318.512107
405,3318.887361,4168.9658,3204.388249,2960.723273
406,3041.816035,3849.288029,3060.903312,2947.852948
407,3036.077383,3857.000845,3234.86481,3086.668985
408,2488.687153,3208.582679,2549.489715,2216.26779
409,2214.736684,3013.695998,2276.416753,2265.052275
410,2747.833976,3557.102624,3285.996833,3000.082122
411,2245.419283,3159.740225,2798.35288,2605.924216
412,2539.52104,3352.177045,2586.033823,2412.516395
413,1592.350809,2564.705738,1816.216217,1594.333919
414,3184.240054,4038.814136,3512.306434,3299.397769
415,2461.676844,3511.677975,2887.250888,2501.092489
416,2763.561623,3663.39801,3116.204936,2788.241372
417,2826.173429,3695.834623,3011.115878,2849.576711
418,3398.854331,4544.526118,3684.479,3574.232578
419,3181.511964,3929.847332,3269.556616,3055.962455
420,3021.461258,3836.143638,3390.41825,3070.129966
421,2623.015604,3400.043265,2490.250233,2606.457202
422,4162.4656,4796.717794,4170.090063,3958.063649
423,4080.907018,4867.575058,4110.814039,3806.992531
424,3370.272461,4292.448872,3607.99282,3293.562795
425,3294.906963,4448.358501,3718.640697,3565.47763
426,2360.406155,3279.088168,2847.582937,2541.400864
427,3049.623146,4027.274528,3209.590741,3153.255617
428,2571.606701,3572.194994,3019.698509,2596.609446
429,2505.901938,3287.384936,2775.910269,2500.272044
430,2433.439001,3144.372369,2989.563624,2694.811236
431,3075.125895,3782.566668,3169.174903,2872.107101
432,3119.893676,3887.876389,3122.869835,2776.967821
433,2737.455678,3566.468325,2914.812061,2756.987974
434,2705.002864,3471.503521,3040.489245,2766.147225
435,3747.586398,4295.02366,3761.531122,3459.592491
436,3466.105106,4074.637729,3475.87506,3377.743981
437,3431.484444,4160.307347,3460.251216,3156.071318
438,1721.935151,2609.090322,2008.557093,1807.358817
439,2298.588757,3292.026687,2541.361912,2498.348663
440,3418.938592,4016.055876,3268.420295,3105.17201
441,3467.928765,4300.613656,3725.330395,3540.666572
442,2184.088862,3256.450655,2594.138877,2342.942523
443,2432.324193,3133.87849,2850.211405,2557.538672
444,3128.991978,3910.431438,3288.070009,3045.247859
445,1806.449702,2840.334075,1866.681718,1718.335377
446,2371.270945,3123.375671,2495.283783,2347.554189
447,2786.538079,3600.873006,2925.599558,2757.204651
448,3109.413746,3928.310238,3249.605177,2949.486089
449,2794.086113,4105.733011,3228.42872,2946.395034
450,3029.553933,3929.192739,3090.076474,2875.039956
451,2701.199315,3749.784013,3297.126754,2983.791143
452,2812.57862,3671.35845,2614.330383,2661.645966
453,2816.180686,3514.750506,2961.014484,2486.751863
454,2791.113362,3646.964823,3212.172668,2983.370471
455,1848.689343,2535.121697,2200.240493,1944.320447
456,3176.823636,3980.600377,3594.337008,3227.462339
457,2870.273069,4069.047574,3144.845715,2990.077242
458,4155.966229,4784.668555,4144.972185,4115.822099
459,2393.598124,3103.222836,2504.39313,2416.050165
460,3260.977093,3876.736592,3511.280596,3433.220064
461,3783.60952,4660.237633,3894.047355,3869.98588
462,3057.868936,4015.384795,3150.051447,2887.611109
463,3516.609742,4176.342289,3499.67303,3527.292217
464,3594.706816,4587.964454,4312.695398,4014.050645
465,3795.100575,4486.390581,3676.553465,3593.272949
466,2022.920468,2718.483327,2121.541162,1916.103321
467,2648.209925,3362.200137,2642.150827,2383.313803
468,3736.589086,4418.995938,3966.441898,3498.986992
469,2224.976178,3044.359698,2234.032423,1915.615566
470,3469.364892,4318.148242,3583.91477,3458.440765
471,3120.581784,3979.403394,3464.377302,3317.725648
472,2801.060871,3410.009312,2740.475874,2576.633337
473,2611.465073,3437.76046,2884.85699,2780.713372
474,2968.095711,3844.758962,3235.826382,2899.087307
475,1965.1354,2524.426579,2504.262183,2041.424427
476,3162.162657,3953.202897,3732.77916,3328.443021
477,2031.50509,2743.164277,2287.644009,1820.50847
478,2193.617057,2925.542563,2251.636858,2020.117643
479,2735.926507,3802.619267,2906.969636,2770.023504
480,2615.60219,3439.208975,2621.780843,2363.214522
481,2227.225273,3039.728007,2152.418409,2132.776212
482,3126.737501,4030.273544,3591.200097,3391.710522
483,1720.289459,2467.050831,2093.929243,1938.264052
484,2048.857428,2945.711507,1924.056918,2014.945627
485,2685.421664,3550.909854,2950.905868,2695.697159
486,3357.0141,4184.158867,3513.09894,3381.89272
487,3798.828324,4453.766743,4002.616406,3653.935086
488,2336.486784,3331.815982,2713.558736,2579.6129
489,3324.68692,4085.552231,3327.837779,3116.248221
490,1775.390703,2597.221169,1995.767789,1740.151492
491,3111.50107,4143.151195,3590.987764,3366.095881
492,2466.602323,3289.788087,2746.570207,2440.082239
493,2809.575759,3673.473707,2740.096811,2679.128555
494,1831.361903,2708.144831,2205.371864,2084.700116
495,3711.998206,4520.775424,4062.587804,3717.690726
496,2593.431039,3397.865226,3182.062882,2887.426484
497,2522.924752,3162.576601,2400.945941,2373.197405
498,3482.686852,4233.914254,3583.443979,3314.211696
499,3229.672929,4114.310465,3190.488291,2859.179367
500,4228.541294,4995.350074,4571.593117,4270.392272
501,2878.376883,3843.474997,3208.706969,3095.906328
502,4004.424895,4578.259505,3864.864613,3520.654783
503,2255.54894,3168.985536,2510.122343,2167.670427
504,2774.019053,3427.875606,2878.165471,2821.093739
505,2319.151274,3445.065199,2900.408316,2612.539232
506,2979.179503,3849.629331,3129.803945,2974.945974
507,3875.868986,4661.286239,3675.276064,3632.65406
508,2513.518022,3306.696664,2494.807037,2383.739573
509,3109.577494,3934.799251,3645.156906,3365.658503
510,2418.844567,3356.025975,2684.013229,2465.290045
511,2598.146683,3253.100452,2626.319652,2438.736665
512,2910.279234,3745.810132,3058.282356,2951.045169
513,2467.467286,3227.278535,2732.358725,2353.910173
514,3208.998002,4211.425223,3326.868203,3075.264138
515,1451.2405,2328.158297,1726.55389,1478.68226
516,2044.619647,2817.293419,2323.409211,2127.298829
517,2742.524693,3553.774221,3172.142333,2700.359036
518,2806.338186,3362.63762,3037.378332,2797.301269
519,2780.879643,3844.68501,3307.45004,3134.516804
520,2883.796999,3803.19573,2965.400066,2744.133806
521,3091.428153,3960.590397,3526.287909,3369.892152
522,2644.618362,3671.671664,2967.554304,2787.755397
523,2439.175355,3341.993924,2547.14696,2400.396829
524,2647.802795,3588.912261,3049.566283,2845.351518
525,1948.026984,2832.392454,2389.910748,2047.711255
526,2903.890593,3824.893245,3044.588908,3033.883062
527,2595.050367,3500.820139,2909.704617,2600.419293
528,2856.419859,3345.818194,3129.216158,2677.038147
529,2675.596679,3285.936264,2797.467791,2436.747907
530,2590.107825,3592.378395,2904.662101,2628.709671
531,3040.076127,3847.97369,3086.228294,2863.721307
532,3287.327417,4269.547786,3556.487039,3356.746189
533,3110.282298,3878.410337,3233.633731,3075.331204
534,2230.134441,3494.984393,2566.779175,2547.853872
535,2114.307313,2751.265728,2316.322832,2149.746115
536,2205.695278,3335.931142,2710.006769,2536.602412
537,2622.21853,3433.122659,2859.974727,2723.146955
538,3294.745142,4203.202242,3543.845155,3372.125779
539,2797.400175,3775.986767,3232.844257,2984.235652
540,2310.371755,2979.564511,2599.110777,2320.544851
541,1793.630232,2707.195718,2240.375361,2037.840148
542,2889.600987,3511.537159,2849.114798,2780.654883
543,2940.999809,3662.489836,3243.604676,3037.862688
544,1864.203572,2593.883858,2011.461858,1753.884407
545,2230.596359,3044.751205,2619.031687,2403.153333
546,2526.573795,3104.820362,2386.560524,2177.380367
547,2905.546603,3695.357736,2974.973595,2612.393663
548,1895.699048,2676.016804,2496.840986,2216.66351
549,2553.414457,3384.375651,2666.432484,2594.452227
550,3119.125822,4057.437801,3396.967401,3211.189404
551,3232.227758,4261.799101,3404.891151,3254.914596
552,2910.60118,3841.519963,3329.102411,3145.728408
553,2187.758808,2983.185111,2217.817714,1843.140158
554,2363.935714,3115.257497,2457.659647,2231.942362
555,1970.674245,3093.454959,2023.355356,1966.798123
556,3605.960627,4380.924491,3898.607798,3735.235391
557,3109.856729,3764.144722,3255.554685,3065.230499
558,3113.635287,4219.391159,3013.083682,2900.188043
559,3034.395376,4149.881168,3248.098345,3020.26635
560,2689.614072,3316.176375,2597.186366,2650.644167
561,3007.780409,3712.789308,3077.102824,2805.992558
562,2329.480889,3179.188159,2413.295191,2127.336851
563,3194.640516,3901.231561,3061.365958,2894.670061
564,4151.061747,4878.774372,4367.686203,4018.507422
565,2788.18742,3728.483099,2922.021441,2811.504789
566,2554.009467,3555.402255,2623.410664,2527.822775
567,2299.74842,3108.025801,2409.738742,2200.630385
568,2676.930496,3597.197727,2562.860776,2249.940797
569,2285.704812,3167.867513,2583.494457,2235.983098
570,2687.094387,3409.604062,3137.202919,2867.364883
571,3077.401534,3842.526877,3560.265205,3234.910946
572,2165.186588,3041.065032,2428.473796,2354.349413
573,2789.04379,3772.731228,2980.952785,2497.403488
574,3722.810871,4447.4275,3423.380576,3321.166113
575,2785.522395,3578.268396,2588.477097,2471.34224
576,2232.873699,3043.65596,2629.471657,2596.672108
577,2694.326969,3512.977164,2831.044579,2748.889308
578,1938.285845,2840.161157,1994.705542,1857.830929
579,2858.710676,3681.654681,3350.174593,3158.450895
580,3016.300776,3792.997377,2843.794364,2696.905694
581,3742.846679,4357.700353,3609.944359,3509.608661
582,3710.589194,4498.435607,4042.823131,3631.15947
583,3447.815856,4212.77314,3679.060221,3490.09108
584,2082.181998,2700.929997,2522.783899,2255.763068
585,1827.059297,2591.772455,1696.654723,1442.492354
586,2611.796396,3327.851875,2986.831418,2641.330719
587,1720.974491,2490.838544,1821.440492,1717.313812
588,2180.914952,3149.934826,2197.934875,1856.812328
589,2861.318044,3485.451945,3020.308483,2879.923678
590,4306.09914,5183.894396,4324.341873,4130.206099
591,3299.729903,4055.587963,3551.361548,3191.723028
592,2338.814302,3236.313799,2533.912107,2353.126296
593,2871.399671,3665.637852,3263.658669,2973.414693
594,2837.165612,3739.188616,3121.283431,3096.002442
595,3266.378227,4067.554569,3318.697239,3099.386105
596,2177.836515,2563.773737,2348.001412,2150.678641
597,1187.68738,2046.171088,1617.639122,1395.224009
598,3157.271895,4000.806983,3281.854965,3020.88631
599,2786.571841,3632.363324,3176.90549,3190.306459
600,3655.2149,4555.877137,3930.916651,3608.44163
601,4195.676377,5085.255616,4400.772514,4320.396989
602,2130.899847,3190.04476,2691.908264,2247.855315
603,3242.41938,3884.188781,2989.200595,2888.626067
604,2609.726005,3733.649534,3044.992857,2660.513684
605,1468.626788,2151.554747,1855.069359,1494.726643
606,2590.817536,3510.514812,2637.751717,2318.406226
607,3125.334965,4010.077624,3534.114428,3225.642919
608,2584.194016,3371.815904,2781.123868,2598.314697
609,2562.764559,3354.196886,2791.194501,2610.505545
610,1533.753714,2317.395985,1912.934084,1612.244998
611,1225.288832,1928.628991,1414.597536,1309.587792
612,3114.885225,3867.261409,3044.199287,3186.129298
613,2312.648692,2782.578779,2566.198464,2159.633598
614,1949.10926,2852.174228,2602.160838,2383.418947
615,2061.4365,3098.019169,1972.909054,1810.468566
616,2066.565089,2905.648713,2388.370835,2118.126827
617,2893.32342,3516.479785,3106.898824,3218.383342
618,2448.746039,3477.058102,2478.930517,2297.132145
619,2104.802891,2944.723339,2209.323494,1974.3416
620,2177.760006,3209.238711,2605.699705,2317.479045
621,2784.90574,3603.161517,2954.143662,2748.518796
622,2204.149481,2846.601394,2359.349027,2093.47413
623,2176.72766,2978.338423,2503.280198,2377.119314
624,2070.459052,2636.138101,2177.87502,2072.270411
625,2988.552486,3923.403563,3378.618,2968.420777
626,2987.324359,3708.347014,3022.720753,2842.150136
627,3635.289742,4289.061788,4178.95677,3741.124489
628,2020.117307,3024.999889,2682.134024,2393.995648
629,2710.422543,3473.72388,2735.852354,2529.053094
630,2746.283142,3568.631286,3214.58862,2898.462903
631,1937.6106,3035.351179,2074.310603,2074.327556
632,3205.650585,4156.371599,3450.473238,3186.957422
633,2687.80839,3472.359699,3012.75911,2807.637714
634,3129.951048,3545.908163,3031.480532,2786.194413
635,2999.989843,3996.526091,3358.431454,3085.240725
636,3586.827849,4535.357545,3877.454322,3772.562199
637,2825.498034,3395.166087,2790.699676,2738.697345
638,2169.269533,2992.654008,1714.011856,1480.475737
639,2860.428935,3574.860911,2812.692782,2965.39939
640,3369.787122,4297.73344,3376.746662,3220.925213
641,2443.371695,3192.788855,2801.471288,2451.183922
642,2932.274235,3692.825401,2910.737159,2630.472172
643,3408.566493,4381.987094,3551.958853,3194.659623
644,3071.109266,3979.633646,3414.542727,3281.828879
645,3082.792598,4540.66366,3721.289125,3655.03498
646,3040.787541,4068.978186,3411.489812,3178.56611
647,2124.06006,2842.822829,1990.89268,1751.062213
648,2428.221332,3266.50454,2963.967545,2734.676249
649,2540.240263,3423.811712,3017.67485,2705.695685
650,3947.389479,5028.414203,4274.562684,4108.097187
651,2557.734298,3301.581433,3036.817929,2547.922234
652,2847.037738,3606.954112,2802.757933,2645.983921
653,2808.935358,3865.176517,2770.156401,2643.637774
654,3761.985024,4663.94952,4086.190587,3573.488067
655,2942.056541,3793.291925,3026.74117,2854.783855
656,3015.929884,3651.215537,3204.675845,2899.00203
657,3020.372706,3713.450832,2966.793952,2656.822885
658,2829.815555,3830.34108,3017.87988,2933.963427
659,2444.590946,3465.970744,2929.832474,2846.130204
660,2485.17755,3346.154739,2727.893665,2356.88816
661,2678.110392,3677.033689,3206.74428,2981.476693
662,3289.30523,4072.772235,3465.696044,3211.792891
663,3563.1512,4289.499188,3792.191308,3314.261934
664,3719.822095,4295.270419,3716.502,3651.870298
665,3532.919626,4436.876622,4051.095584,3608.890762
666,3145.462521,3761.640764,3229.593244,3182.129093
667,3022.166746,3764.856016,2895.312562,2826.08689
668,2852.677919,3576.757485,2576.297983,2664.655178
669,2901.253694,3839.515943,3084.004158,2952.298683
670,1483.162161,2367.499712,1676.826444,1743.060148
671,3083.475896,3829.797058,3389.416618,3247.479213
672,2795.951596,3497.688501,2972.085221,2813.198367
673,2220.826486,3167.659,2518.773195,2480.4821
674,1025.861148,2021.344941,962.6169846,761.9078014
675,2959.724171,3849.787699,3236.059459,2976.431366
676,2838.027285,3660.50982,2748.741601,2577.645168
677,2978.10775,3692.791717,3298.313468,3043.257183
678,3351.735947,4096.135647,3536.30086,3213.780488
679,3551.45416,4225.643378,3444.449972,3359.804563
680,2762.270882,3683.169883,2837.720087,2654.448298
681,2897.721027,3631.768126,2771.784973,2630.097089
682,2913.580882,3633.095592,2922.269284,2892.095277
683,2078.628244,2806.885531,1856.306099,1738.9248
684,3342.018469,4125.160331,3525.829055,3217.848482
685,2655.721111,3742.712714,2893.126213,2773.96111
686,1748.816887,2643.533611,1850.275846,1862.179516
687,3091.512077,3843.017859,3245.421213,3046.018764
688,2501.47349,3508.125683,3237.646834,2976.487767
689,2808.17702,3455.031443,2970.473111,2645.432956
690,2845.289403,3606.90407,3269.984264,3138.36501
691,3130.215785,3621.338018,3034.93035,2903.12295
692,1812.954337,2660.343685,2203.342653,1812.346882
693,1570.744704,2555.235304,1734.015596,1688.105851
694,2131.27975,2879.141272,2554.97846,2198.923278
695,3420.303575,4498.00727,3715.90367,3415.886325
696,2756.385391,3647.346678,2991.54516,2647.94451
697,2410.875886,3295.252085,2744.759168,2375.457716
698,2873.935395,3795.122138,2940.652734,2701.997825
699,2490.81345,3620.268782,2663.839944,2635.109025
700,3171.98807,4315.265532,3536.790138,3531.91619
701,2678.876762,3487.459891,2862.644724,2545.135818
702,1918.719936,2323.290536,2001.712806,1724.260581
703,2425.543339,2892.632582,2322.749704,2310.439855
704,2181.518115,3067.275668,2512.58166,2100.565906
705,2323.677654,3352.672177,2850.025027,2649.07576
706,2947.792266,3728.606212,3261.739032,3020.84772
707,3799.375778,4692.163722,4341.985867,4240.55214
708,2907.346089,3640.982305,3174.336838,2925.292354
709,2141.526647,3012.350553,2167.879045,2169.618272
710,2203.299752,2799.27558,2182.857518,1906.574248
711,2535.336751,3306.289037,2403.101659,2167.338668
712,2179.744506,3083.378388,2468.054525,2191.507242
713,3300.147786,4210.099222,3340.99804,3058.858099
714,1964.183749,2530.276601,2245.771262,1863.839485
715,2015.12993,2936.375879,2075.213112,1885.54901
716,3401.438629,4173.836497,3172.376528,3042.768909
717,2848.909541,3618.116934,2881.176773,2618.934054
718,3177.679767,4216.982165,3408.730754,3071.340339
719,2500.97973,3434.735652,2719.447603,2425.148898
720,3248.512157,3934.747924,3516.993159,3074.520024
721,2738.168488,3661.678555,3175.627225,2767.014749
722,3333.248215,4273.33906,3234.441995,2757.131327
723,3639.731715,4516.325466,3939.255546,3609.010274
724,3429.980904,4193.726603,4044.585934,3617.258004
725,3251.971971,4054.978985,3506.709861,3237.660587
726,2812.131279,3500.569485,2636.393539,2426.209261
727,2401.4614,3237.573486,2896.567251,2383.389824
728,1917.663189,2806.117751,2249.282647,1914.044205
729,2341.14524,3031.461563,2858.221983,2577.066562
730,1760.481978,2721.853173,1637.849062,1373.222101
731,2203.82489,2968.709979,2437.994251,2080.126029
732,2098.006044,3096.109902,2409.142394,2091.73555
733,3115.076893,3829.605167,3426.955967,2942.498613
734,2634.195224,3612.91862,2931.795009,2549.143874
735,3240.908528,3970.739245,3370.606876,2981.645091
736,2552.054349,3631.494011,2814.732787,2478.517123
737,3129.875966,4207.705512,3660.259262,3278.699615
738,3809.718502,4779.583913,3868.335275,3749.297255
739,3149.447785,3900.87131,3218.580921,2911.361725
740,2329.449156,3056.800784,2639.922469,2056.152758
741,1427.656558,2138.059884,979.8727559,915.0141829
742,3124.948872,4054.946178,3275.017708,2884.948718
743,3193.841868,3993.061186,3325.552351,2825.735955
744,2875.697615,3965.265891,3282.236514,2833.202519
745,2480.496748,3587.595511,2844.703557,2453.475532
746,2514.376325,3418.035605,2928.356044,2327.778209
747,4154.946091,4641.88022,4649.33325,3968.845975
748,1657.122152,2645.76298,2030.739021,1607.05489
749,3595.911825,4424.858705,3583.012309,3256.167603
750,1268.963171,2324.734419,1869.658908,1476.348723
751,2825.239535,3481.128148,2958.975249,2468.859563
752,2772.640041,3594.686824,3067.393287,2501.960267
753,3432.832439,4223.450006,3514.793154,3122.767591
754,2269.608312,3120.177942,2744.064978,2276.641204
755,2955.042896,3905.83281,3024.197086,2781.01038
756,3218.180345,3993.100787,3461.394188,2922.578882
757,2018.030796,2962.706866,2174.905534,1785.6777
758,1450.440025,2561.126072,1802.167678,1382.985603
759,3693.856684,4367.389424,3894.625194,3774.45405
760,2241.478542,3089.231905,2518.729417,2135.440478
761,2630.944356,3319.897909,2882.435308,2408.509697
762,3421.795119,4309.713843,3501.719264,2964.866429
763,2587.619955,3452.968583,2553.058271,2267.417699
764,3516.811774,4020.059604,3793.964002,2976.382954
765,2607.902874,3443.802701,2955.243501,2469.736505
766,1912.547604,2927.451309,1910.685399,1624.319289
767,2489.69048,3174.991901,2696.509026,1947.088216
768,2756.461483,3699.658411,3038.713696,2480.270529
769,2506.357029,3416.281597,2775.778696,2200.902349
770,3321.855062,4168.665455,3249.302294,2659.526357
771,3470.012364,4473.58123,3977.926421,3511.760157
772,2919.102016,3674.596024,3084.545005,2624.8215
773,2656.073833,3370.941719,2607.862034,2111.96917
774,2849.583952,3576.080968,2627.975475,2128.857732
775,3433.177972,4229.462003,3532.854974,2990.961448
776,1280.358923,2119.820533,1494.079622,808.461392
777,3772.226544,4498.570156,3717.401835,3150.665892
778,3110.599597,4024.215041,3292.252335,2604.775361
779,2379.889748,3259.766508,2592.648052,2047.193368
780,2668.626895,3352.753364,2821.669332,2132.558701
781,2942.38465,3819.822318,3645.953225,2808.730858
782,2236.435217,3283.637102,2733.648896,1925.214464
783,4161.335143,4889.112477,3901.847558,3549.539438
784,2492.325917,3431.90913,2956.329306,2298.49378
785,3384.456013,4311.099996,3347.594415,2631.058559
786,2933.367709,3505.097788,3077.026553,2513.415408
787,1957.627937,2629.18193,2314.433896,1841.762657
788,2355.405346,2863.089333,2320.829119,1745.724299
789,2901.736854,4066.850744,3558.54786,2949.633003
790,3025.067971,3913.286145,3288.425446,2615.88037
791,2370.396434,3244.102717,2595.058045,2021.211061
792,3238.081754,4197.399436,3784.99371,3086.120251
793,2659.292414,3097.300864,2678.124302,1935.562376
794,3221.791975,3838.183266,3411.248775,2796.116887
795,3474.942366,4308.753826,3509.932413,2954.640892
796,2474.771078,3397.678,2810.749754,2062.819001
797,1479.056399,2970.56498,1936.062296,1331.069227
798,2821.649604,3914.989391,3226.873843,2680.619303
799,3052.499829,3899.960928,3398.671211,2751.888792
800,2443.302928,3553.339905,2726.087532,2068.436295
801,3456.905311,4198.805462,3621.155545,2958.533047
802,3574.82186,4478.125046,3689.116525,3017.377516
803,2972.857864,3699.504277,3102.905681,2233.007599
804,2767.570456,3550.792102,3077.971379,2414.577101
805,2649.720899,3626.072524,2839.403966,2235.733522
806,3390.005874,4310.689618,3812.2903,3112.329272
807,2254.604865,3164.023173,2368.165759,1694.597154
808,2774.132806,3615.405063,3147.50801,2494.176461
809,2498.059719,3529.748876,2797.152259,2052.631519
810,3236.528869,4136.008693,3443.773382,2752.501489
811,2818.097193,3860.956772,2891.680105,2188.540022
812,2910.157805,3772.273787,3460.778943,2682.030654
813,3652.473844,4414.360669,3766.321944,3044.839095
814,2627.38973,3557.097537,2965.950106,2349.281624
815,4157.237533,5045.826684,4509.797727,3784.970653
816,2285.66784,3095.618375,2470.536881,1817.753644
817,3214.134865,4115.894179,3708.426086,2917.764121
818,3311.507272,4104.277224,3581.406391,2920.248395
819,3248.326805,3927.718939,3528.622956,2875.683429
820,2991.788951,3871.37318,3295.868088,2448.626971
821,4255.712151,4878.035057,4245.312825,3362.123618
822,2858.204225,3920.127749,3363.039566,2571.162215
823,1830.457167,2343.578711,1804.806407,1167.484473
824,2372.05603,3203.393927,2518.599483,1798.495755
825,2780.002744,3802.763891,3475.961039,2480.896206
826,3458.232146,4140.507247,3570.443661,2545.456213
827,2282.607709,3174.728376,2434.03864,1808.85915
828,2256.172238,2864.443012,2273.395914,1565.99662
829,2851.090192,3843.818731,3046.414503,2338.956408
830,4077.044379,4878.958193,4480.127806,3479.757047
831,3227.340058,4343.523843,3725.779531,2944.6009
832,2844.799156,3944.069973,3133.716046,2396.82873
833,3466.088271,4301.862114,3647.111675,2742.25075
834,3349.829977,3900.501369,3225.218417,2549.24051
835,2049.281457,2783.986411,1965.235686,1010.7441
836,3629.706474,4647.140342,4002.052111,3081.063313
837,2478.856765,3262.630041,2742.224807,2005.631291
838,2200.645589,2796.39759,2311.46142,1631.414995
839,3099.298374,3875.176755,3287.701117,2287.190916
840,2816.233492,3598.78041,2533.241429,1977.396758
841,3802.335021,4621.858642,4514.146245,3594.83136
842,2808.646482,3504.941224,2899.944239,2057.575505
843,2442.561865,3315.679413,2560.903886,1823.3088
844,3009.794038,3763.398797,3403.86496,2262.935677
845,3414.967692,4159.547472,3654.562852,2648.788753
846,1696.990778,2598.545448,2057.598034,1184.732382
847,2252.891959,2952.725662,2328.020792,1525.297634
848,2818.515568,3764.151007,3017.869738,2253.608496
849,2808.404358,3693.229851,3167.403151,2265.275821
850,3533.081777,4503.14579,3712.343898,2928.367884
851,2743.57924,3697.295775,2865.468771,2069.070618
852,3337.662595,4338.295995,3361.756134,2527.543381
853,2785.833782,3905.769951,3301.699174,2323.954346
854,2496.433833,3324.927156,2425.440225,1736.541862
855,3289.0619,3830.976502,3396.030102,2290.122231
856,1126.613003,2520.313318,1532.094071,801.4962391
857,3498.141514,4231.004537,3969.967216,2979.425277
858,2490.830315,3422.077887,2690.977541,1793.050185
859,2465.443301,3319.009097,2566.738605,1708.162996
860,2479.07881,3266.356818,2725.86072,1987.308747
861,2775.900338,3787.044613,3258.344934,2181.982025
862,2730.183942,3720.322888,3195.403697,2248.53334
863,2808.677233,3732.332307,3149.893605,2165.940872
864,2479.990193,3207.74747,2659.431827,1705.726211
865,2753.29052,3916.613578,2972.44308,1991.064144
866,3010.445729,3821.019839,2993.507835,2130.991971
867,2427.585676,3263.887309,2912.074623,2082.853552
868,2124.545256,3101.899684,2285.734529,1322.697353
869,3796.627711,4721.74544,4105.073217,3054.975146
870,3612.801079,4382.62512,4023.771713,2892.194493
871,1487.495472,2405.374676,1661.378662,821.4405068
872,3960.719702,4740.45837,4418.580923,3284.06311
873,3116.032409,3901.638679,3368.460311,2293.42454
874,2219.090859,2718.847304,2010.146465,1096.497853
875,3186.827539,3979.452784,3259.476746,2350.187919
876,2800.299748,3631.463736,2934.390573,1803.44146
877,2554.928466,3267.631174,2808.974292,1673.542821
878,2880.082296,3787.74839,3424.671309,2407.900965
879,2869.135937,3689.540803,3140.959394,2177.708204
880,2299.793314,3088.602951,2631.911874,1607.857692
881,2566.657193,3463.285262,2971.528975,2044.902152
882,3764.055722,4629.643398,3908.817566,2892.776766
883,2621.171295,3417.545315,2980.066316,2004.809461
884,2095.358309,3188.817902,2427.140862,1315.332379
885,2949.660212,3644.718835,3252.990999,1966.864837
886,3532.302566,4230.933849,3858.491899,2575.406625
887,3130.176788,3775.145923,3123.75704,2177.009238
888,2843.055539,3467.599584,2967.795972,1984.370594
889,2830.043153,3930.744241,3093.030749,2091.104124
890,2739.568035,3657.426145,3100.16643,2094.615127
891,2733.307644,3685.041923,2537.429476,1640.268858
892,3307.447507,3942.070695,3340.927497,2219.180099
893,2519.615683,3501.864179,2845.279292,1654.540833
894,2867.778748,3652.31136,2729.019214,1850.696158
895,3525.767456,4451.361847,3576.733707,2476.561859
896,3063.530986,3779.672052,3291.582103,2223.849658
897,2613.49275,3749.715467,2835.976583,1857.033632
898,3105.947583,3906.224406,3316.590909,2304.642616
899,3144.310838,3974.493406,3333.278365,2170.099194
900,1905.673407,2737.559962,1966.885613,997.4897347
